sort_num|address|city|state|zip|borough_detail|address_remark|date_t|deliver_type|remark|iron_box|plastic_box|selling_box|paper_shelf|mon|tue|wed|thu|fri|sat|sun|latitude|longitude|created_at|
|5112 7th Ave|Brooklyn|NY|11220|Brooklyn|52 St  & 7 Ave，在布碌仑技术学院门口||Newspaper box|05\30\2014 加的报箱||1|||25|25|25|25|60|60|0|40.641745|-74.007038|2014-08-17 21:49:03 -0400|
|5605 7th Ave|Brooklyn|NY|11220|Brooklyn|58 St & 7 Ave，在康宁西药房门口||Newspaper box|05\30\2014  加的报箱||1|||25|25|25|25|50|50|0|40.63877|-74.009359|2014-08-17 21:49:05 -0400|
|5921 7th Ave|Brooklyn|NY|11220|Brooklyn|60th St & 7th Ave 在 7Ave上,联发自助洗衣店边||Newspaper box|||1|||50|50|50|50|50|60|0|40.636802|-74.01140699999999|2014-08-17 21:49:05 -0400|
|823 65th St|Brooklyn|NY|11220|Brooklyn|Atlantic Adault Day Care Center||Building||||||10|10|10|10|15|0|0|40.63239799999999|-74.011588|2014-08-17 21:49:05 -0400|
|6409 8th Ave|Brooklyn|NY|11220|Brooklyn|8 Ave &  65h St,金煌海鲜大酒楼一侧||Newspaper box|新粉刷的01／08／2014|1||||50|50|50|50|80|65|0|40.632923|-74.011871|2014-08-17 21:49:05 -0400|
|6301 8th Ave|Brooklyn|NY|11220|Brooklyn|8 Ave & 63 St ,飞龙超市||Newspaper box|||1|||50|50|50|50|80|65|0|40.633347|-74.011352|2014-08-17 21:49:06 -0400|
|6152 8th Ave|Brooklyn|NY|11220|Brooklyn|8th Ave, Between 62nd St, 地铁站一侧的桥头上||Newspaper box|||1|||50|50|50|50|80|65|0|40.63447410000001|-74.0106488|2014-08-17 21:49:06 -0400|
|6102 8th Ave|Brooklyn|NY|11220|Brooklyn|HSBC汇丰银行门前，8 Ave & 61st St||Newspaper box|新加香港超市门前|1||||90|90|90|90|90|90|0|40.63501600000001|-74.010682|2014-08-17 21:49:06 -0400|
|6102 8th Ave|Brooklyn|NY|11220|Brooklyn|HSBC汇丰银行门前，8 Ave & 61st St||Coin box||||1||10|10|10|10|10|10|0|40.63501600000001|-74.010682|2014-08-17 21:49:06 -0400|
|6011 8th Ave|Brooklyn|NY|11221|Brooklyn|8 Ave & 61st St  , 香港超市门口手發報||Hand delivery|發報人員發報|||||0|0|0|0|0|800|0|40.635137|-74.0099038|2014-08-17 21:49:07 -0400|
|6011 8th Ave|Brooklyn|NY|11220|Brooklyn|8 Ave & 61st St  ,靠近超市香港超市停车场||Newspaper box|||1|||50|50|50|50|80|60|0|40.635137|-74.0099038|2014-08-17 21:49:07 -0400|
|5901 8th Ave|Brooklyn|NY|11220|Brooklyn|8 Ave & 59th St||Newspaper box|8/8/2014  新加报箱||1|||50|50|50|50|80|65|0|40.635849|-74.008811|2014-08-17 21:49:07 -0400|
|5702 8th Ave|Brooklyn|NY|11220|Brooklyn|8 Ave & 57th St||Newspaper box|新报箱12／01／2013／共4个||1|||50|50|50|50|75|65|0|40.637232|-74.00807300000001|2014-08-17 21:49:07 -0400|
|5608 8th Ave|Brooklyn|NY|11220|Brooklyn|8 Ave & 56th St||Newspaper box|左右各一个新加左侧的02／23／2014||1|||50|50|50|50|75|65|0|40.637576|-74.0074095|2014-08-17 21:49:08 -0400|
|5515 8th Ave|Brooklyn|NY|11220|Brooklyn|8 Ave & 56th St||Newspaper box|||1|||50|50|50|50|100|65|0|40.63777|-74.006824|2014-08-17 21:49:08 -0400|
|5423 8th Ave|Brooklyn|NY|11220|Brooklyn|8 Ave & 55th St||Newspaper box|||1|||50|50|50|50|80|65|0|40.6382509|-74.006159|2014-08-17 21:49:08 -0400|
|5323 8th Ave|Brooklyn|NY|11220|Brooklyn|8 Ave & 54th St||Newspaper box|||1|||50|50|50|50|80|65|0|40.638836|-74.005719|2014-08-17 21:49:08 -0400|
|5202 8th Ave|Brooklyn|NY|11220|Brooklyn|8 Ave & 52nd St||Newspaper box|新报箱12／01／2013／共4个||1|||50|50|50|50|80|65|0|40.64005299999999|-74.005175|2014-08-17 21:49:09 -0400|
|5001 8th Ave|Brooklyn|NY|11220|Brooklyn|8 Ave & 50th St||Newspaper box|||1|||50|50|50|50|80|60|0|40.640896|-74.00357|2014-08-17 21:49:09 -0400|
|4701 8th Ave|Brooklyn|NY|11220|Brooklyn|8 Ave & 47th St||Newspaper box|||1|||50|50|50|50|60|60|0|40.64257|-74.00179299999999|2014-08-17 21:49:09 -0400|
|4411 8th Ave|Brooklyn|NY|11220|Brooklyn|44St和45th St之间||Newspaper box|||1|||40|40|40|40|60|60|0|40.6440569|-74.00027100000001|2014-08-17 21:49:09 -0400|
|3812 9th Ave|Brooklyn|NY|11219|Brooklyn|9th Ave & New Utrecht Ave，靠近D车地铁站一侧||Newspaper box|||1|||60|60|60|60|80|60|0|40.6463461|-73.9947062|2014-08-17 21:49:10 -0400|
|924 55th St|Brooklyn|NY|11204|Brooklyn|放人民报、神韵或退党特刊||Hand delivery|布魯克林真相資料點(鐵櫃子)|||||0|0|0|0|0|0|0|40.636429|-74.0039539|2014-08-17 21:49:10 -0400|
|6121 Ft.Hamilton Pkway|Brooklyn|NY|11219|Brooklyn|62nd St & 61st St 在Ft.Hamilton Pkway上,地铁站一侧,桥中间||Newspaper box||1||||50|50|50|50|80|70|0|40.6324915|-74.0064191|2014-08-17 21:49:10 -0400|
|6722 Fort Hamilton Pkwy|Brooklyn|NY|11219|Brooklyn|在好运来超市门前，Ft.Hamilton Pkway & 68th St||Newspaper box|||1|||100|100|100|100|100|70|0|40.6296836|-74.0116359|2014-08-17 21:49:11 -0400|
|6168 11th Ave|Brooklyn|NY|11219|Brooklyn|11th Ave & 62nd St,在11th Ave上，N车地铁站一侧.||Newspaper box|||1|||50|50|50|50|80|70|0|40.6305057|-74.004018|2014-08-17 21:49:11 -0400|
|61066108 18th Ave|Brooklyn|NY|11204|Brooklyn|家家宝成人日间康乐中心 电话,718-975-8118 问小程 销售||Building||||||15|15|15|15|15|0|0|40.616024|-73.99291|2014-08-17 21:49:11 -0400|
|6318 18th Ave|Brooklyn|NY|11204|Brooklyn|在18th Ave上, 63rd St and 64th St, N车地铁站口||Newspaper box|新粉刷更换的01／14／2014|1||||50|50|50|50|80|65|0|40.6200543|-73.9892646|2014-08-17 21:49:11 -0400|
|1651 68th St # 2F|Brooklyn|NY|11204|Brooklyn|訂報戶到期日期：08-2-14|2015-12-08 00:00:00 -0500|Subscriber||||||1|1|1|1|1|1|0|40.619638|-73.99521299999999|2014-08-17 21:49:12 -0400|
|6911 16th Ave|Brooklyn|NY|11204|Brooklyn|訂報戶到期日期：01-01-15|2015-01-02 00:00:00 -0500|Subscriber||||||1|1|1|1|1|1|0|40.619298|-73.99729599999999|2014-08-17 21:49:12 -0400|
|6505 17th Ave|Brooklyn|NY|11204|Brooklyn|訂報戶到期日期：01-01-15|2015-01-02 00:00:00 -0500|Subscriber||||||1|1|1|1|1|1|0|40.62016|-73.992419|2014-08-17 21:49:12 -0400|
|1954 65th Ave|Brooklyn|NY|11204|Brooklyn|訂報戶到期日期：01-01-15|2015-01-02 00:00:00 -0500|Subscriber||||||1|1|1|1|1|1|0|40.616831|-73.9869329|2014-08-17 21:49:13 -0400|
|6506 Bay Pkwy|Brooklyn|NY|11204|Brooklyn|亚裔社区老人活动中心||Building||||||10|10|10|10|15|0|0|40.613771|-73.981853|2014-08-17 21:49:13 -0400|
|6617 Bay Pkway|Brooklyn|NY|11204|Brooklyn|在Bay Pkway上，W7 和 W8之间,N车地铁站旁||Newspaper box||1||||50|50|50|50|80|65|0|40.611769|-73.981849|2014-08-17 21:49:13 -0400|
|276 Kings Hwy|Brooklyn|NY|11223|Brooklyn|Kings Hwy & W 7th St & W 8th St,N车地铁站口||Newspaper box|新报箱12／01／2013／共4个||1|||50|50|50|50|80|65|0|40.60496699999999|-73.980418|2014-08-17 21:49:13 -0400|
|6802 Bay Pkway|Brooklyn|NY|11204|Brooklyn|美心饼屋||Bakery||||||50|50|50|50|80|65|0|40.6122253|-73.9835744|2014-08-17 21:49:14 -0400|
|1979  79th St|Brooklyn|NY|11214|Brooklyn|1979 19 Ave& 79 st,大卿家||Hand delivery||||||50|50|50|50|100|200|0|40.608853|-73.994168|2014-08-17 21:49:14 -0400|
|7812 17th Ave|Brooklyn|NY|11214|Brooklyn|17th Ave &  New Utrecht Ave &79th St,在 D 车地铁站前,Mini Market前.||Newspaper box|新粉刷的02／01／2014|1||||50|50|50|50|80|65|0|40.6128861|-74.0005827|2014-08-17 21:49:14 -0400|
|1772 86th St|Brooklyn|NY|11214|Brooklyn|东海岸餐厅门口,86th St & 18th St||Newspaper box|||1|||50|50|50|50|70|65|0|40.6072918|-74.0030712|2014-08-17 21:49:15 -0400|
|8681 18th Ave|Brooklyn|NY|11214|Brooklyn|亞裔社區老人中心||Building||||||15|15|15|15|15|0|0|40.6057167|-74.00424459999999|2014-08-17 21:49:15 -0400|
|1962 86th St|Brooklyn|NY|11214|Brooklyn|豪园餐馆旁边， 86th St & Bay 23rd St||Newspaper box|||1|||50|50|50|50|70|60|0|40.604761|-73.999101|2014-08-17 21:49:15 -0400|
|2076 86th St|Brooklyn|NY|11214|Brooklyn|21St Ave 和 Bay 26 St 之间，停车场一侧||Newspaper box|||1|||50|50|50|50|60|65|0|40.603234|-73.9964619|2014-08-17 21:49:15 -0400|
|2202 86th St|Brooklyn|NY|11214|Brooklyn|Bay Pkway & 86th St,Mini Market一侧地铁口||Newspaper box|||1|||90|90|90|90|60|65|0|40.601536|-73.993848|2014-08-17 21:49:16 -0400|
|2202 86th St|Brooklyn|NY|11214|Brooklyn|Bay Pkway & 86th St,Mini Market一侧地铁口||Coin box||||1||10|10|10|10|10|10|0|40.601536|-73.993848|2014-08-17 21:49:16 -0400|
|2205 86th St|Brooklyn|NY|11214|Brooklyn|Bay Pkway & 86th St,富记大饭店旁边。||Newspaper box|||1|||50|50|50|50|70|65|0|40.601954|-73.9932539|2014-08-17 21:49:17 -0400|
|2301 86th St|Brooklyn|NY|11214|Brooklyn|HSBC bank ,86th St & 23rd Ave||Newspaper box|||1|||50|50|50|50|70|65|0|40.600576|-73.99156119999999|2014-08-17 21:49:18 -0400|
|2502 86th St|Brooklyn|NY|11214|Brooklyn|25 Ave和 Bay 40th St之间，新兴超市门前，地铁站旁||Newspaper box|新粉刷的01／08／2014|1||||50|50|50|50|70|50|0|40.597474|-73.98704699999999|2014-08-17 21:49:18 -0400|
|2502 86th  St|Brooklyn|NY|11214|Brooklyn|新兴超市里面||Supermarket||||||0|0|0|0|0|0|0|40.597474|-73.98704699999999|2014-08-17 21:49:18 -0400|
|239        Ave  U|Brooklyn|NY|11223|Brooklyn|在W 7和W 8 St之间,N车地铁站旁||Newspaper box|||1|||60|60|60|60|70|65|0|40.5967551|-73.975425|2014-08-17 21:49:18 -0400|
|2565    Hubbard  St|Brooklyn|NY|11235|Brooklyn|Hubbard  st        阿欢家||Hand delivery|05／02／2014   开始送报|||||0|0|0|0|100|200|0|40.587556|-73.96286839999999|2014-08-17 21:49:19 -0400|
|1302 Ave U|Brooklyn|NY|11223|Brooklyn|Ave U & 13th st||Newspaper box|2/23/2014||1|||50|50|50|50|50|50|0|40.5984229|-73.95806|2014-08-17 21:49:24 -0400|
|1402 Ave U|Brooklyn|NY|11229|Brooklyn|Ave U & E 14th St||Newspaper box|||1|||50|50|50|50|70|65|0|40.598642|-73.9571711|2014-08-17 21:49:24 -0400|
|1502 Ave U|Brooklyn|NY|11229|Brooklyn|Ave U & E 15th St，Q Train Station,||Newspaper box|||1|||50|50|50|50|70|65|0|40.598604|-73.95617899999999|2014-08-17 21:49:25 -0400|
|1702 Ave U|Brooklyn|NY|11229|Brooklyn|E 17 St & E 18 St，HSBC汇丰银行旁||Newspaper box|||1|||50|50|50|50|70|65|0|40.598816|-73.9542|2014-08-17 21:49:25 -0400|
|1924 Ave U|Brooklyn|NY|11229|Brooklyn|金沙大餅屋||Bakery|已经安放报架1个12/20/13||||1|50|50|50|50|70|65|0|40.5990999|-73.9517668|2014-08-17 21:49:26 -0400|
|1600 Sheepshead Bay Rd|Brooklyn|NY|11235|Brooklyn|Sheepshead Bay Rd & E 16th St||Newspaper box|||1|||50|50|50|50|70|65|0|40.58694|-73.95335000000001|2014-08-17 21:49:26 -0400|
|1797 South Ave|Staten Island|NY|10314|Staten Island|Staten  Island     美东超市，放在超市报架上||Supermarket||||||0|0|0|0|0|100|0|40.6008149|-74.193952|2014-08-17 21:49:26 -0400|
|5602 31st Ave|Woodside|NY|11377|Queens|在56th St环球超市停车场的入口处。||Newspaper box|發報人員放報||1|||0|0|0|0|0|0|0|40.75681|-73.905135|2014-08-17 21:49:27 -0400|
|6027 Roosevelt Ave|Woodside|NY|11377|Queens|61St St & Roosevelt Ave，7号地铁口||Newspaper box|||1|||50|50|50|50|50|50|0|40.7472564|-73.8858533|2014-08-17 21:49:27 -0400|
|7523 Broadway|Elmhurst|NY|11373|Queens|76th St 和 Broadway交叉口||Newspaper box|||1|||50|50|50|50|50|50|0|40.746096|-73.88951399999999|2014-08-17 21:49:27 -0400|
|8262 Broadway|Elmhurst|NY|11373|Queens|asia bank旁边地铁口,在45th Ave上||Newspaper box|發報人員放報||1||1|400|400|400|400|450|400|0|40.7416646|-73.88120239999999|2014-08-17 21:49:28 -0400|
|8262 Broadway|Elmhurst|NY|11373|Queens|asia bank旁边地铁口,在45th Ave上||Coin box|發報人員放報|||1||0|0|0|0|0|0|0|40.7416646|-73.88120239999999|2014-08-17 21:49:28 -0400|
|8251 51st Ave|Elmhurst|NY|11373|Queens|Marian家||Hand delivery||||||450|450|450|450|550|440|0|40.739329|-73.87489380000001|2014-08-17 21:49:28 -0400|
|8201 Britton Ave|Elmhurst|NY|11373|Queens|錦昌超市旁||Newspaper box|發報人員放報||1|||0|0|0|0|0|0|0|40.7428202|-73.8826266|2014-08-17 21:49:31 -0400|
|8618 Broadway|Elmhurst|NY|11373|Queens|新金鱗超市前面||Newspaper box|發報人員放報,||1|||0|0|0|0|0|0|0|40.7380565|-73.8775486|2014-08-17 21:49:31 -0400|
|8601 Justice Ave|Elmhurst|NY|11373|Queens|新金鱗超市對面拐角||Newspaper box|發報人員放報||1|||0|0|0|0|0|0|0|40.7379944|-73.87680619999999|2014-08-17 21:49:31 -0400|
|8702 Grand Ave|Elmhurst|NY|11373|Queens|Grand Ave & Seabury  交叉口||Newspaper box|發報人員放報||1|||0|0|0|0|0|0|0|40.736228|-73.8786384|2014-08-17 21:49:32 -0400|
|9119 Queens Blvd|Elmhurst|NY|11373|Queens|麥當勞門口，報箱位於59th Ave||Newspaper box|||1|||35|35|35|35|40|30|0|40.733713|-73.8697339|2014-08-17 21:49:32 -0400|
|9710 62nd Dr, #1D|Rego Park|NY|11374|Queens|訂報戶到期日期：12-01-14|2014-01-12 00:00:00 -0500|Subscriber||||||1|1|1|1|1|1|0|40.7350464|-73.8582401|2014-08-17 21:49:32 -0400|
|6402 108th St|Forest Hills|NY|11375|Queens|HSBC银行门口||Newspaper box|||1|||40|40|40|40|40|25|0|40.732303|-73.850414|2014-08-17 21:49:32 -0400|
|971 Queens Blvd|Rego Park|NY|11374|Queens|63 DR & Queens Blvd(north)，T-mobile店门口||Newspaper box|||1|||50|50|50|50|65|50|0|40.7299481|-73.8612217|2014-08-17 21:49:33 -0400|
|9560 Queens Blvd|Rego Park|NY|11374|Queens|63 DR & Queens Blvd(south)，SouthweSt 地铁口眼镜店边||Newspaper box|||1|||45|45|45|45|40|40|0|40.7300846|-73.8628758|2014-08-17 21:49:33 -0400|
|9501 63rd Dr|Rego Park|NY|11374|Queens|63rd Dr & Saunders St，Corner (HSBC Bank门口)||Newspaper box||1||||90|90|90|90|100|80|0|40.7294974|-73.8630345|2014-08-17 21:49:33 -0400|
|9664 Queens Blvd|Rego Park|NY|11374|Queens|63th Dr 和 64th  Rd 之间地铁口||Newspaper box|||1|||45|45|45|45|50|50|0|40.7294008|-73.8610051|2014-08-17 21:49:33 -0400|
|10002 Queens Blvd|Forest Hills|NY|11375|Queens|Queens Blvd & 67th  Ave   ，CVS Pharmacy店边||Newspaper box|||1|||90|90|90|90|90|50|0|40.7227131|-73.84795489999999|2014-08-17 21:49:34 -0400|
|6740 YellowStone Blvd|Forest Hills|NY|11375|Queens|ANNA家||Hand delivery||||||0|0|0|0|0|25|0|40.727288|-73.849447|2014-08-17 21:49:34 -0400|
|10750 Queens Blvd|Forest Hills|NY|11375|Queens|Queens Blvd &71St Ave，恒通银行门口||Newspaper box|||1|||50|50|50|50|50|50|0|40.719017|-73.83906549999999|2014-08-17 21:49:34 -0400|
|10701 71st Ave|Forest Hills|NY|11375|Queens|Continential Ave & AuStin St，眼镜店边||Newspaper box|||1|||65|65|65|65|70|50|0|40.7204539|-73.844905|2014-08-17 21:49:40 -0400|
|10801 Queens Blvd|Forest Hills|NY|11375|Queens|Queens Blvd & 71St Ave ，Sterling National Bank银行门口||Newspaper box|||1|||0|0|0|0|0|0|0|40.7190157|-73.8390627|2014-08-17 21:49:40 -0400|
|10721 Queens Blvd|Forest Hills|NY|11375|Queens|Queens Blvd （North）& 70th Rd||Newspaper box|||1|||75|75|75|75|70|15|0|40.7190178|-73.8390672|2014-08-17 21:49:40 -0400|
|16801 Union Turnpike|Fresh Meadows|NY|11366|Queens|Union TurnPike & 168th St ， 7-Eleven店门口||Newspaper box|||1|||25|25|25|25|25|20|0|40.723336|-73.799877|2014-08-17 21:49:41 -0400|
|68 26 Fresh Meadows Lane|Fresh Meadows|NY|11365|Queens|Fresh Meadows Ln  & 69th Ave，Fulong Deli店门口||Newspaper box|||1|||35|35|35|35|35|30|0|40.7335179|-73.7801447|2014-08-17 21:49:41 -0400|
|195-15 69th Ave|Fresh Meadows|NY|11365|Queens|金旺发超市旁边的洗衣店||Laundries|2014/07/19开始放报|||||10|10|10|10|10|15|0|40.7372725|-73.77797509999999|2014-08-17 21:49:41 -0400|
|6012 Kissena Blvd|Flushing|NY|11367|Queens|Dunkin Donuts咖啡店旁||Newspaper box|修補過的報箱||1|||40|40|40|40|40|25|0|40.73977300000001|-73.8151452|2014-08-17 21:49:41 -0400|
|5911 Main St|Flushing|NY|11355|Queens|新中美超市||Newspaper box||1||||50|50|50|50|80|75|0|40.7437671|-73.8256409|2014-08-17 21:49:42 -0400|
|5701 Main St|Flushing|NY|11355|Queens|Deli & Grocery店边，在Booth memorial Ave上||Newspaper box|||1|||50|50|50|50|50|25|0|40.7465291|-73.8261653|2014-08-17 21:49:44 -0400|
|4350 Main St|Flushing|NY|11355|Queens|Queens Botanical Garden门口||Newspaper box||1||||60|60|60|60|80|75|0|40.7515378|-73.82611709999999|2014-08-17 21:49:44 -0400|
|4201 Main St|Flushing|NY|11355|Queens|Main St & Maple Ave，枫林小馆门口||Newspaper box||1||||115|115|115|115|160|90|0|40.755378|-73.827609|2014-08-17 21:49:44 -0400|
|4201 Main St|Flushing|NY|11355|Queens|Main St & Maple Ave，枫林小馆门口||Coin box||||1||10|10|10|10|10|10|0|40.755378|-73.827609|2014-08-17 21:49:45 -0400|
|4182 Main St|Flushing|NY|11355|Queens|Main St & Maple Ave，昌发超市||Newspaper box|新報箱||1|||50|50|50|50|100|75|0|40.75554|-73.82879199999999|2014-08-17 21:49:45 -0400|
|4179 Main St|Flushing|NY|11355|Queens|Maple Ave和 Sanford Ave之间 ，新金山超市||Newspaper box|||1|||50|50|50|50|75|75|0|40.756036|-73.827962|2014-08-17 21:49:45 -0400|
|4128 Main St|Flushing|NY|11355|Queens|Main St & 41St  Rd，Corner 黄金商场||Newspaper box||1||||75|75|75|75|100|75|0|40.757345|-73.82904049999999|2014-08-17 21:49:46 -0400|
|4107 Kissena Blvd|Flushing|NY|11355|Queens|越南牛肉河粉门口||Newspaper box||1||||50|50|50|50|100|75|0|40.7583823|-73.8293161|2014-08-17 21:49:46 -0400|
|4044 Main St|Flushing|NY|11354|Queens|between 41St  Ave & 40th  Rd之间  退党中心||Newspaper box||1||||50|50|50|50|40|40|0|40.7573459|-73.8290408|2014-08-17 21:49:46 -0400|
|4044 Main St|Flushing|NY|11354|Queens|between 41St  Ave & 40th  Rd之间  退党中心||Coin box||||1||10|10|10|10|10|10|0|40.7573459|-73.8290408|2014-08-17 21:49:46 -0400|
|3711 Main St|Flushing|NY|11354|Queens|between 38th Ave & 37th Ave 香港超市||Newspaper box||1||||50|50|50|50|100|75|0|40.7613554|-73.83037209999999|2014-08-17 21:49:47 -0400|
|13542 39th Ave|Flushing|NY|11354|Queens|39th  Ave & Main St，在39 Ae 纽约人寿门口||Newspaper box|||1|||25|25|25|25|25|15|0|40.7600256|-73.83095399999999|2014-08-17 21:49:47 -0400|
|4005 College Point Blvd|Flushing|NY|11354|Queens|Roosevelt Ave & Collge Point Blvd，Bland Houses 門口||Newspaper box|||1|||50|50|50|50|50|50|0|40.7579965|-73.8336842|2014-08-17 21:49:47 -0400|
|13693 Roosevelt Ave|Flushing|NY|11354|Queens|Roosevelt Ave 百利超市边||Newspaper box|||1|||100|100|100|100|100|75|0|40.760706|-73.826844|2014-08-17 21:49:47 -0400|
|4002 Union St|Flushing|NY|11354|Queens|Corner ,在Union St上，Lewis Pharmacy店边||Newspaper box|||1|||50|50|50|50|90|75|0|40.7603499|-73.8264895|2014-08-17 21:49:48 -0400|
|14201 41st Ave|Flushing|NY|11355|Queens|在41st Ave 上，靠近公寓的一侧。||Newspaper box|||1|||50|50|50|50|75|75|0|40.759735|-73.825521|2014-08-17 21:49:48 -0400|
|4180 Kissena Blvd|Flushing|NY|11355|Queens|西北角，教堂一侧||Newspaper box|||1|||50|50|50|50|80|75|0|40.7572977|-73.8274059|2014-08-17 21:49:48 -0400|
|4201 Kissena Blvd|Flushing|NY|11355|Queens|東南角，眼鏡店一侧||Newspaper box||1||||100|100|100|100|100|100|0|40.7571108|-73.8270113|2014-08-17 21:49:49 -0400|
|441 Kissena Blvd|Flushing|NY|11355|Queens|Kissena Blvd & Cherry St||Newspaper box|||1|||75|75|75|75|110|75|0|40.7538522|-73.8227323|2014-08-17 21:49:49 -0400|
|4525 Kissena Blvd|Flushing|NY|11355|Queens|老年中心旁||Newspaper box|修補過的報箱||1|||25|25|25|25|50|50|0|40.7519175|-73.82001029999999|2014-08-17 21:49:49 -0400|
|4631 Kissena Blvd|Flushing|NY|11355|Queens|金城发超市出口旁||Newspaper box|油漆過的鐵報箱|1||||100|100|100|100|150|200|0|40.7503112|-73.81875409999999|2014-08-17 21:49:49 -0400|
|4732 Union St|Flushing|NY|11355|Queens|陈光星家||Hand delivery||||||0|0|0|0|0|0|0|40.749161|-73.815969|2014-08-17 21:49:50 -0400|
|14349 Ash Ave|Flushing|NY|11355|Queens|金枫客栈(新唐人銷售Joan Zeng要求送報（08 /12/14）||Family Hotel|2014年8月12日开始送报|||||6|6|6|6|6|6|0|40.75759499999999|-73.820151|2014-08-17 21:49:50 -0400|
|14326 41st Ave|Flushing|NY|11355|Queens|皇家成人日間護理中心(2014年9月2日到期）(TSE KIN HAN 電話：718-922-2987)|2014-09-02 00:00:00 -0400|Subscriber||||||1|1|1|1|1|1|0|40.759872|-73.82287099999999|2014-08-17 21:49:50 -0400|
|14241 Roosevelt Ave|Flushing|NY|11354|Queens|Roosevelt Ave &  Bowne  St，新中国城超市门口||Newspaper box|||1|||50|50|50|50|85|75|0|40.7607888|-73.82528520000001|2014-08-17 21:49:51 -0400|
|2503 Parsons Blvd|Flushing|NY|11354|Queens|好運來超市停車場的進出口||Newspaper box|||1|||15|15|15|15|15|15|0|40.7764837|-73.8236735|2014-08-17 21:49:51 -0400|
|2610 Union St|Flushing|NY|11354|Queens|26th Ave & Union St||Newspaper box|||1|||50|50|50|50|50|50|0|40.7739926|-73.82678609999999|2014-08-17 21:49:51 -0400|
|2950 Union St|Flushing|NY|11354|Queens|Union St & 31 St Rd 邮局门口||Newspaper box|||1|||50|50|50|50|50|50|0|40.770874|-73.827052|2014-08-17 21:49:52 -0400|
|13745 Northern Blvd|Flushing|NY|11354|Queens|大中華超市旁||Newspaper box||1||||50|50|50|50|75|75|0|40.764036|-73.829381|2014-08-17 21:49:52 -0400|
|13744 Northern Blvd|Flushing|NY|11354|Queens|TAIWAN CENTER (inside)臺灣會館||Building||||||15|15|15|15|15|15|0|40.76315|-73.829499|2014-08-17 21:49:52 -0400|
|13802 Northern Blvd|Flushing|NY|11354|Queens|Northern Blvd & Union St，Nara Bank门口||Newspaper box|||1|||50|50|50|50|50|35|0|40.7637635|-73.8280176|2014-08-17 21:49:53 -0400|
|14140 Northern Blvd|Flushing|NY|11354|Queens|between Bowne St & Parsons Blvd ，H-Mart超市出口||Newspaper box||1||||20|20|20|20|20|15|0|40.764151|-73.824184|2014-08-17 21:49:53 -0400|
|14450 Northern Blvd|Flushing|NY|11354|Queens|Parsons Blvd & 146th St大中华超市门口||Newspaper box||1||||90|90|90|90|110|100|0|40.76456|-73.82157099999999|2014-08-17 21:49:53 -0400|
|14998 Barton Ave|Flushing|NY|11354|Queens|Barton Ave Between 150th st & 149th PLLong Island Rail Road--Murray Hill||Newspaper box|||1|||18|18|18|18|18|15|0|40.7630506|-73.8141681|2014-08-17 21:49:53 -0400|
|15501 Sanford Ave|Flushing|NY|11355|Queens|订报||Subscriber||||||1|1|1|1|1|1|0|40.76161|-73.810311|2014-08-17 21:49:54 -0400|
|15640 Northern Blvd|Flushing|NY|11354|Queens|Hmart 超市出口報架||Supermarket||||||0|0|0|0|0|0|0|40.7638028|-73.8083289|2014-08-17 21:49:54 -0400|
|16006 Northern Blvd|Flushing|NY|11358|Queens|金山超市旁，Northern Blvd & 160th St||Newspaper box|||1|||30|30|30|30|40|25|0|40.762337|-73.80516999999999|2014-08-17 21:49:54 -0400|
|4001 164th St|Flushing|NY|11358|Queens|164th St & Station Rd在Station Rd上，Long Island Rail Road--Broadway||Newspaper box||1|1|||8|8|8|8|8|6|0|40.761313|-73.801683|2014-08-17 21:49:55 -0400|
|16129 Crocheron Ave|Flushing|NY|11359|Queens|食客||Restaurant||||||0|0|10|0|0|6|0|40.7626513|-73.80382639999999|2014-08-17 21:49:55 -0400|
|17174 46th Ave|Flushing|NY|11358|Queens|雅歌音樂藝術學院 (inside)||College||||||5|0|5|0|5|5|0|40.753157|-73.79367599999999|2014-08-17 21:49:55 -0400|
|19220 Northern Blvd|Flushing|NY|11358|Queens|Gugongtan Restarrant （客戶商家）李香淑客戶||Restaurant||||||0|0|0|0|0|5|0|40.7578326|-73.78898000000001|2014-08-17 21:49:56 -0400|
|19636 Northern blvd|Flushing|NY|11358|Queens|Queens library (inside)||Library|08年上架時買的黃色賣報架||||1|3|3|3|3|3|0|0|40.7577602|-73.78424729999999|2014-08-17 21:49:58 -0400|
|4640 Francis Lewis Blvd|Bayside|NY|11361|Queens|H Mart超市门前，Francis Lewis Blvd & 47th Ave||Newspaper box|||1|||25|25|25|25|25|35|0|40.7540321|-73.7811833|2014-08-17 21:49:58 -0400|
|47-33 Bell Blvd|Bayside|NY|11361|Queens|FoodTown超市进门报架||Supermarket|2014/07/19开始送报|||||0|0|0|0|5|10|0|40.7562655|-73.767381|2014-08-17 21:49:59 -0400|
|47-46 Bell Blvd|Bayside|NY|11361|Queens|Bell Blvd & 48th Ave||Newspaper box|||1|||35|35|35|35|40|30|0|40.75631449999999|-73.7674406|2014-08-17 21:49:59 -0400|
|6142 Springfield Blvd|Oakland Gardens|NY|11364|Queens|西贡饭店门前||Newspaper box|||1|||35|35|35|35|35|30|0|40.7481239|-73.75634629999999|2014-08-17 21:49:59 -0400|
|6121 Springfield Blvd|Oakland Gardens|NY|11364|Queens|邮局门旁边||Newspaper box|||1|||35|35|35|35|35|30|0|40.7484701|-73.7561022|2014-08-17 21:49:59 -0400|
|24053 69th Ave|Oakland Gardens|NY|11362|Queens|訂報戶到期日期：07-07-15|2015-07-07 00:00:00 -0400|Subscriber||||||1|1|1|1|1|1|0|40.7503102|-73.73771219999999|2014-08-17 21:50:00 -0400|
|24202 61st Ave|Douglaston|NY|11362|Queens|Fairway 超市出口报架||Supermarket|2014/07/19开始送报|||||0|0|0|0|5|10|0|40.7541547|-73.7378856|2014-08-17 21:50:00 -0400|
|249-26 Horace Harding Expy|Little Neck|NY|11362|Queens|小颈中国城超市||Supermarket|2014/07/19开始送报|||||0|0|0|0|50|50|0|40.7608038|-73.7308595|2014-08-17 21:50:01 -0400|
|56 01 Marathon PKWY|Little Neck|NY|11362|Queens|小颈中国城超市旁边 Marathon Pkwy & Horace Harding Expy||Newspaper box|新報箱||1|||35|35|35|35|50|40|0|40.7602862|-73.7316319|2014-08-17 21:50:06 -0400|
|249 26 Northern Blvd|Little Neck|NY|11362|Queens|Super Stop & Shop入口報架||Supermarket|||||1|15|15|15|15|15|25|0|40.7679736|-73.7379271|2014-08-17 21:50:11 -0400|
|250 10 Northern Blvd|Little Neck|NY|11362|Queens|邮局门前||Newspaper box|||1|||20|20|20|20|20|15|0|40.7683|-73.737043|2014-08-17 21:50:12 -0400|
|495 Great Neck Rd|Great Neck|NY|11021|Long Island|H-M 韓國超市 （inside）||Supermarket||||||25|25|25|25|25|25|0|40.77484949999999|-73.7323509|2014-08-17 21:50:12 -0400|
|40 Great Neck Rd|Great Neck|NY|11021|Long Island|Walbaums Supermarket出口报架||Supermarke|2014/07/19开始送报|||||10|10|10|10|10|20|0|40.7858657|-73.7279234|2014-08-17 21:50:12 -0400|
|38 N Station Plaza|Great Neck|NY|11021|Long Island|长岛大颈车站 印度人小卖店||Station|2014/07/19开始送报|||||5|5|5|5|5|5|0|40.7876098|-73.7260814|2014-08-17 21:50:12 -0400|
|80 Centre Dr|Manhasset|NY|11030|Long Island|每周五送長島學員家100份||Hand delivery||||||0|0|0|0|0|0|0|40.79020999999999|-73.698371|2014-08-17 21:50:13 -0400|
|1430 Northern Blvd|Manhasset|NY|11030|Long Island|King Kullen Supermarket 出口报架||Supermarket|2014/07/19开始送报|||||0|0|0|0|10|20|0|40.7915524|-73.6951148|2014-08-17 21:50:13 -0400|
|1 Delaware Drive|New Hyde Park|NY|11042|Long Island|Parker Jewish InStitute for Health Care and Rehabilitation赵泓/李丽客户||Customers|2014/07/19开始送报|||||0|0|0|0|10|10|0|40.76067099999999|-73.6945583|2014-08-17 21:50:13 -0400|
|653 Hillside Ave|New Hyde Park|NY|11040|Long Island|Stop & Shop Supermarket 出口报架||Supermarket|2014/07/19开始送报|||||0|0|0|0|0|20|0|40.7412471|-73.6985543|2014-08-17 21:50:14 -0400|
|3350 Hillside Ave|New Hyde Park|NY|11040|Long Island|Best Market Supermarket 出口报架||Supermarket|2014/07/19开始送报|||||0|0|0|0|0|20|0|40.752536|-73.65923699999999|2014-08-17 21:50:14 -0400|
|3367 Hillside Ave|New Hyde Park|NY|11040|Long Island|Foodtown Supermarket 出口报架||Supermarket|2014/07/19开始送报|||||0|0|0|0|0|20|0|40.753796|-73.65896300000001|2014-08-17 21:50:14 -0400|
|400 Hillside Ave|Williston Park|NY|11596|Long Island|H Mart超市门口报架||Supermarket|2014/07/19开始送报|||||0|0|0|0|0|50|0|40.7535365|-73.6566832|2014-08-17 21:50:14 -0400|
|416 Hillside Ave|Williston Park|NY|11596|Long Island|H Mart 超市隔壁髮廊(Happy Salon)||Barbor Shop|2014/07/19开始送报|||||0|0|0|0|0|2|0|40.7534655|-73.6570852|2014-08-17 21:50:15 -0400|
|6600 Jericho Tpke|Syosset|NY|11791|Long Island|蜀湘园饭店（DinDin）||Restaurant|2014/07/19开始送报|||||0|0|0|0|0|5|0|40.803382|-73.526178|2014-08-17 21:50:15 -0400|
|478 Plainiew Rd|Hicksville|NY|11801|Long Island|H&Y Marketplace门口报架||Supermarket|2014/07/19开始送报|||||0|0|0|0|0|50|0|40.7696636|-73.50214919999999|2014-08-17 21:50:15 -0400|
|377 02 S Oyster Bay Rd|Plainview|NY|11803|Long Island|Asia Grill饭店||Restaurant|2014/07/19开始送报|||||0|0|0|0|0|2|0|40.7831|-73.50303269999999|2014-08-17 21:50:16 -0400|
|395 S Oyster Bay Rd|Plainview|NY|11803|Long Island|光华小吃店||Restaurant|2014/07/19开始送报|||||0|0|0|0|0|2|0|40.7828484|-73.503005|2014-08-17 21:50:16 -0400|
|251 15 Northern Blvd|Little Neck|NY|11362|Queens|同乐轩海鲜酒家门内报架||Restaurant||||||0|0|0|0|0|15|0|40.7694249|-73.73688070000001|2014-08-17 21:50:16 -0400|
|4225 235th St|Douglaston|NY|11363|Queens|Deli店 （inside）||Owner||||||3|3|3|3|3|3|0|40.7679049|-73.7482041|2014-08-17 21:50:17 -0400|
|232 01 Northern Blvd|Little Neck|NY|11362|Queens|Alley Pond Golf Center（inside）||Building|08年上架時買的黃色賣報架||||1|0|0|0|0|2|2|0|40.7639231|-73.7491786|2014-08-17 21:50:17 -0400|
|41-22 Bell Blvd|Bayside|NY|11361|Queens|Chase Bank银行门前，Bell Blvd & 42nd  Ave||Newspaper box|||1|||20|20|20|20|20|15|0|40.7632627|-73.7708098|2014-08-17 21:50:17 -0400|
|3808 Bell Blvd|Bayside|NY|11361|Queens|Prodigy 韩国人学校，EYE门口左手边||Building|2014/07/19开始送报|||||0|0|0|0|0|2|0|40.766144|-73.772722|2014-08-17 21:50:17 -0400|
|21315 26th Ave|Bay Terrance|NY|11360|Queens|Waldbaums Supermarket出口报架||Supermarket|2014/07/19开始送报|||||10|10|10|10|10|15|0|40.7801015|-73.7780044|2014-08-17 21:50:18 -0400|
|2388 Bell Blvd|Bayside|NY|11360|Queens|The Bay Terrace 巴士站邊||Newspaper box|||1|||5|5|5|5|5|5|0|40.7797868|-73.7755|2014-08-17 21:50:18 -0400|
|20811 26th Ave|Bayside|NY|11361|Queens|Senior Center（老人中心)||Building||||||15|15|15|15|15|15|0|40.7766163|-73.7837033|2014-08-17 21:50:18 -0400|
|20501 35th Ave|Bayside|NY|11361|Queens|Royal Card Shop (inside)||Store|08年上架時買的黃色賣報架||||1|7|7|7|7|7|7|0|40.767019|-73.782397|2014-08-17 21:50:18 -0400|
|3509 Francis Lewis Blvd|Flushing|NY|11358|Queens|Waldbaum's Market 出口报架||Supermarket|2014/07/19开始送报|||||10|10|10|10|10|15|0|40.764207|-73.7868529|2014-08-17 21:50:19 -0400|
|2902 Union St|Flushing|NY|11354|Queens|H Mart超市 (inside)||Supermarket||||||15|15|15|20|35|35|0|40.7716129|-73.8265959|2014-08-17 21:50:19 -0400|
|3110 Whitestone Expwy|Flushing|NY|11354|Queens|协和门窗公司（董事长：汤玛斯 陈）新唐人銷售Joan Zeng要求送報（06/12/14）||Factory||||||10|10|10|10|10|10|0|40.7687255|-73.8383013|2014-08-17 21:50:20 -0400|
|13331 39th Ave|Flushing|NY|11354|Queens|Flushing Mall (inside)||Mall||||||0|0|0|0|35|25|0|40.759974|-73.833541|2014-08-17 21:50:20 -0400|
|13101 39th Ave|Flushing|NY|11354|Queens|Assi Plaza超市（inside）||Newspaper rack|08年上架時買的黃色賣報架||||1|17|22|15|17|44|43|0|40.7590497|-73.8358525|2014-08-17 21:50:20 -0400|
|13108 40th Rd|Flushing|NY|11354|Queens|長江水族館(Sky View & 昌發超市旁邊),李紅客戶2015年5月到期後再取消||Customers||||||0|0|0|0|0|10|0|40.7557131|-73.8360704|2014-08-17 21:50:20 -0400|
|3915 Main St|Flushing|NY|11354|Queens|AT&T 門口||Newspaper box|發報人員放報||2||1|0|0|0|0|0|0|0|40.759827|-73.829917|2014-08-17 21:50:21 -0400|
|3915 Main St|Flushing|NY|11354|Queens|AT&T 門口||Coin box||||1||0|0|0|0|0|0|0|40.759827|-73.829917|2014-08-17 21:50:21 -0400|
|13545 Roosevelt Ave|Flushing|NY|11354|Queens|如意軒門口||Newspaper box|發報人員放報||1||1|0|0|0|0|0|0|0|40.7595845|-73.83055089999999|2014-08-17 21:50:21 -0400|
|4013 Main St|Flushing|NY|11354|Queens|Main St & Roosevelt Ave,在Main St上,DuaneReade一侧||Hand delivery|發報人員放報||||1|1644|1644|1636|1644|2400|1985|0|40.759215|-73.8296234|2014-08-17 21:50:22 -0400|
|13552 Roosevelt Ave|Flushing|NY|11354|Queens|在Roosevelt Ave，Newsstand一侧||Hand delivery|發報人員放報||1||1|350|300|350|350|350|350|0|40.7594407|-73.83044989999999|2014-08-17 21:50:22 -0400|
|13649 Roosevelt Ave|Flushing|NY|11354|Queens|在Macy's對面||Hand delivery|發報人員放報||||1|0|0|0|0|0|0|0|40.7602773|-73.828345|2014-08-17 21:50:22 -0400|
|4050 Main St|Flushing|NY|11354|Queens|潮坊一側||Hand delivery|發報人員放報||||1|0|0|0|0|0|900|0|40.7573458|-73.8290408|2014-08-17 21:50:22 -0400|
|4024 College Point Blvd|Flushing|NY|11354|Queens|Sky View & 昌發超市后门口||Hand delivery||||||0|0|0|0|0|150|0|40.7569987|-73.8354667|2014-08-17 21:50:23 -0400|
|14935 Elm Ave|Flushing|NY|11355|Queens|老刘家350份周日手发报||Hand delivery||||||0|0|0|0|0|350|0|40.757288|-73.812173|2014-08-17 21:50:23 -0400|
|3180 Broadway|Manhattan|NY|10027|Manhattan|broadway & w 125th St,地铁口||Newspaper box|||1|||50|50|50|50|50|50|0|40.8151617|-73.9585046|2014-08-17 21:50:23 -0400|
|501 W 120th St|Manhattan|NY|10027|Manhattan|AmSterdam Ave & W 120th St,左侧,在w 120th St上,哥伦比亚大学大楼一侧||Newspaper box|||1|||12|12|12|12|10|10|0|40.8096271|-73.9594315|2014-08-17 21:50:26 -0400|
|535 W 116th St|Manhattan|NY|10027|Manhattan|Broadway & W 116 St,哥大门口||Newspaper box|||1|||30|30|30|30|30|20|0|40.8079748|-73.9620565|2014-08-17 21:50:26 -0400|
|2957 Broadway|Manhattan|NY|10025|Manhattan|Olie's ReStaurant||Restaurant||||||0|0|0|0|5|5|0|40.808212|-73.9639159|2014-08-17 21:50:26 -0400|
|2828 Broadway|Manhattan|NY|10025|Manhattan|Broadway & W 110 St,#1号地铁口||Newspaper box|||1|||30|30|30|30|30|20|0|40.8038844|-73.9665046|2014-08-17 21:50:26 -0400|
|1030 Amsterdam Ave|Manhattan|NY|10025|Manhattan|Columbia Cottage||College||||||0|0|0|0|5|0|0|40.8036283|-73.9637801|2014-08-17 21:50:27 -0400|
|246 W 112 St|Manhattan|NY|10026|Manhattan|Lucille C. Clark House公寓(老人公寓,大約有200中國老人)||Building||||||15|15|15|15|15|15|0|40.8015017|-73.9563989|2014-08-17 21:50:27 -0400|
|160 E 96th St|Manhattan|NY|10128|Manhattan|在Lexington Ave上，4、6号地铁口旁边||Newspaper box|||1|||25|25|25|25|25|15|0|40.7858478|-73.9509034|2014-08-17 21:50:27 -0400|
|1267 1st Ave|Manhattan|NY|10065|Manhattan|1St Ave & 68th St||Newspaper box|||1|||25|25|25|25|25|20|0|40.765515|-73.958015|2014-08-17 21:50:27 -0400|
|923 Lexington Ave|Manhattan|NY|10065|Manhattan|68th St  &  Lexington Ave 在Lexington Ave上,政府的报箱||Newspaper box|政府的报箱||1|||20|20|20|20|20|15|0|40.7678792|-73.9640206|2014-08-17 21:50:28 -0400|
|785 5th Ave|Manhattan|NY|10019|Manhattan|在5th Ave上， 5th Ave & E 60th St，CitiBank 門口||Newspaper box|||1|||10|10|10|10|10|10|0|40.76457569999999|-73.97252259999999|2014-08-17 21:50:28 -0400|
|224 E 59th St|Manhattan|NY|10022|Manhattan|2nd and 3rd Ave,Katagiri Japanese Supermarket片桐超市.||Supermarket|肖紅英客戶04/02/14|||||0|0|0|0|0|5|0|40.760864|-73.9655609|2014-08-17 21:50:28 -0400|
|125 E 50th St|Manhattan|NY|10017|Manhattan|Benjamin Hotel||Hotel||||||0|0|0|0|5|0|0|40.7563609|-73.972096|2014-08-17 21:50:28 -0400|
|1 E 42nd St|Manhattan|NY|10017|Manhattan|台湾經文處Park and 5th Ave之间||Building||||||33|33|33|33|33|20|0|40.7534824|-73.9800784|2014-08-17 21:50:29 -0400|
|83 W 42nd St|Manhattan|NY|10036|Manhattan|在42街上，42街和6th Ave交叉口，Starbucks旁邊||Newspaper box|||1|||14|14|14|14|14|14|0|40.7544938|-73.9832351|2014-08-17 21:50:29 -0400|
|7 Times Square|Manhattan|NY|10036|Manhattan|在42nd St上，42nd St和Broadway交叉口||Newspaper box|||1|||14|14|14|14|15|15|0|40.7554006|-73.9868161|2014-08-17 21:50:29 -0400|
|210 W 42nd St|Manhattan|NY|10036|Manhattan|地鐵口出入口，42nd St和7th Ave交叉口||Newspaper box|||1|||25|25|25|25|25|25|0|40.7562641|-73.98753219999999|2014-08-17 21:50:30 -0400|
|234 W 42nd St|Manhattan|NY|10036|Manhattan|Hilton Hotel||Hotel||||||0|0|0|0|10|0|0|40.7565811|-73.9886598|2014-08-17 21:50:30 -0400|
|270 W 43rd St|Manhattan|NY|10036|Manhattan|Westin Hotel||Hotel||||||0|0|0|0|5|0|0|40.7574272|-73.98924219999999|2014-08-17 21:50:30 -0400|
|1535 Broadway|Manhattan|NY|10036|Manhattan|Marriot Hotel,   46th St & Broadway||Hotel||||||0|0|0|0|50|0|0|40.7557828|-73.9864711|2014-08-17 21:50:30 -0400|
|130 W 46th St|Manhattan|NY|10036|Manhattan|The Muse Hotel，Between 6th Ave & 7th Ave.||Hotel||||||0|0|0|0|10|0|0|40.7578802|-73.98375709999999|2014-08-17 21:50:31 -0400|
|714 7th Ave|Manhattan|NY|10036|Manhattan|48th St & 7th Ave Renaissance Hotel||Hotel||||||0|0|0|0|5|0|0|40.759637|-73.98457189999999|2014-08-17 21:50:31 -0400|
|500 W 42nd St|Manhattan|NY|10036|Manhattan|10th Ave & W 42nd St,CVS店边||Newspaper box|||1|||25|25|25|25|20|15|0|40.759451|-73.99587199999999|2014-08-17 21:50:31 -0400|
|326 W 40 St|Manhattan|NY|10018|Manhattan|Four Points Hotel,Between 8th Ave and 9th Ave||Hotel||||||0|0|0|0|5|0|0|40.75639|-73.992368|2014-08-17 21:50:32 -0400|
|246 W 38th St|Manhattan|NY|10018|Manhattan|訂報戶到期日期：09-04-14（大山東珠寶店)|2014-09-04 00:00:00 -0400|Subscriber||||||1|1|1|1|1|1|0|40.7539953|-73.99051779999999|2014-08-17 21:50:32 -0400|
|201 W 34th St|Manhattan|NY|10119|Manhattan|CitiBank門口，在7th Ave上，7th Ave & W 34th St||Newspaper box|||1|||35|35|35|35|30|25|0|40.7502013|-73.9931036|2014-08-17 21:50:32 -0400|
|500 8th Ave|Manhattan|NY|10018|Manhattan|W 35 St  & 8 Ave，Staples旁边||Newspaper box|||1|||50|50|50|50|50|35|0|40.7529216|-73.9926258|2014-08-17 21:50:32 -0400|
|380 Seventh Ave|Manhattan|NY|10001|Manhattan|7th Ave和31街交口，Penn Station出入口||Newspaper box|||1|||15|15|15|15|12|10|0|40.749363|-73.99226|2014-08-17 21:50:33 -0400|
|894 6th Ave|Manhattan|NY|10001|Manhattan|W 32nd St & 6th Ave||Newspaper box|||1|||15|15|15|15|15|15|0|40.748293|-73.9886318|2014-08-17 21:50:34 -0400|
|106 W 34th St|Manhattan|NY|10001|Manhattan|W 34th St & 6th Ave交叉口，ASA College門口||Newspaper box|||1|||30|30|30|30|25|25|0|40.7497711|-73.98831419999999|2014-08-17 21:50:34 -0400|
|960 6th Ave|Manhattan|NY|10001|Manhattan|Courtyard 門口，W 35 St & 6th Ave||Newspaper box|||1|||15|15|15|15|12|10|0|40.7504381|-73.9872851|2014-08-17 21:50:34 -0400|
|1000 6th Ave|Manhattan|NY|10018|Manhattan|37 St  &  6 Ave||Newspaper box|||1|||15|15|15|15|12|10|0|40.751726|-73.986012|2014-08-17 21:50:35 -0400|
|333 5th Ave|Manhattan|NY|10016|Manhattan|E33rd St & 5th Ave，5th Ave東南角||Newspaper box|||1|||10|10|10|10|10|7|0|40.7475746|-73.9849203|2014-08-17 21:50:35 -0400|
|229 W 28 St|Manhattan|NY|10001|Manhattan|中文大纪元 office||Office|||||2|20|20|20|20|80|150|0|40.7480386|-73.9947172|2014-08-17 21:50:35 -0400|
|200 5th Ave|Manhattan|NY|10011|Manhattan|地鐵口，5th Ave和23街，24街交口||Newspaper box|||1|||15|15|15|15|15|12|0|40.7420207|-73.98992799999999|2014-08-17 21:50:35 -0400|
|40 E 14th S|Manhattan|NY|10003|Manhattan|在University PL街上，University PL和14街交口||Newspaper box|||1|||15|15|15|15|15|12|0|40.7348923|-73.9915979|2014-08-17 21:50:36 -0400|
|750 Broadway|Manhattan|NY|10003|Manhattan|GAP店门口,在Broadway和W 8 St交口||Newspaper box|||1|||12|12|12|12|10|8|0|40.7302654|-73.99241359999999|2014-08-17 21:50:36 -0400|
|45 W 4th St|Manhattan|NY|10012|Manhattan|Starbuck 门口||Newspaper box|||1|||15|15|15|15|15|10|0|40.7294041|-73.9962917|2014-08-17 21:50:36 -0400|
|276 Canal St|Manhattan|NY|10013|Manhattan|Broadway  & Canal St，在Canal St地铁口旁边||Newspaper box|||1|||50|50|50|50|50|40|0|40.7190192|-74.0016845|2014-08-17 21:50:37 -0400|
|305 Broadway|Manhattan|NY|10007|Manhattan|Duane reade 门口||Newspaper box|||1|||15|15|15|15|15|10|0|40.7154943|-74.0055539|2014-08-17 21:50:37 -0400|
|1 Park Pl|Manhattan|NY|10007|Manhattan|ParkPl和Broadway交口，Duane Reade旁邊的地鐵口||Newspaper box|||1|||10|10|10|10|10|10|0|40.7126617|-74.0076177|2014-08-17 21:50:37 -0400|
|156 Centre St|Manhattan|NY|10013|Manhattan|功夫茶門口,Walker St和Canal St交口||Newspaper box|||1|||100|100|100|100|120|100|0|40.7177953|-74.00012199999999|2014-08-17 21:50:37 -0400|
|191 Centre St|Manhattan|NY|10013|Manhattan|Hester St & centre St，飞达西饼店门口||Newspaper box|||1|||30|30|30|30|50|65|0|40.7186898|-73.99978949999999|2014-08-17 21:50:39 -0400|
|179 Grand St|Manhattan|NY|10013|Manhattan|乐居大厦, 右侧 Box.||Newspaper box|||1|||30|30|30|30|50|50|0|40.719339|-73.9979237|2014-08-17 21:50:40 -0400|
|231 Grand St|Manhattan|NY|10013|Manhattan|Bowery St  &  Grand St，Chase银行门口.||Newspaper box|||1|||50|50|50|50|120|70|0|40.7184002|-73.9952811|2014-08-17 21:50:40 -0400|
|240 Grand St|Manhattan|NY|10002|Manhattan|Between Christie & Bowery St||Newspaper box|||1|||50|50|50|50|50|65|0|40.7184741|-73.9944052|2014-08-17 21:50:40 -0400|
|103 Chrystie St|Manhattan|NY|10002|Manhattan|Grand St & ChriStie St,海星海鲜瓜菜食品公司一侧的地铁口||Newspaper box||3||||439|439|439|439|601|511|0|40.7181813|-73.9938626|2014-08-17 21:50:40 -0400|
|103 Chrystie St|Manhattan|NY|10002|Manhattan|Grand St & ChriStie St,海星海鲜瓜菜食品公司一侧的地铁口||Coin Box||||1||15|15|15|15|15|15|0|40.7181813|-73.9938626|2014-08-17 21:50:41 -0400|
|73 ChriStie St|Manhattan|NY|10002|Manhattan|Hester St & Christie St，功夫茶店门口||Newspaper box|||1|||50|50|50|50|150|125|0|40.7169901|-73.9944698|2014-08-17 21:50:41 -0400|
|43 Chrystie St|Manhattan|NY|10002|Manhattan|POPEYES店边,Canal St & ChriStie St,在Christie St上||Newspaper box|||1|||30|30|30|30|50|50|0|40.7159327|-73.9950449|2014-08-17 21:50:41 -0400|
|38 Allen St|Manhattan|NY|10002|Manhattan|Hester St  &  Allen St,长旺饭店边||Newspaper box|||1|||50|50|50|50|50|50|0|40.71608|-73.99179629999999|2014-08-17 21:50:41 -0400|
|314 Grand St|Manhattan|NY|10002|Manhattan|Allen St  & Grand St右侧,在Grand St.||Newspaper box||1||||30|30|30|30|50|50|0|40.7173458|-73.9910106|2014-08-17 21:50:42 -0400|
|308 E 8th St|Manhattan|NY|10009|Manhattan|Senior Apartment, btwn Ave B and C 右侧（政府樓,大約有120多中國人)||Building||||||25|25|25|25|0|0|0|40.725018|-73.979784|2014-08-17 21:50:42 -0400|
|64 Delancey St|Manhattan|NY|10002|Manhattan|Allen St  & Delancey St.Subway速食店边||Newspaper box|||1|||20|20|20|20|20|25|0|40.7195835|-73.9907456|2014-08-17 21:50:42 -0400|
|64 Bowery St|Manhattan|NY|10013|Manhattan|Canal St & Bowery St,在Bowery St，TD银行一侧||Newspaper box|||1|||50|50|50|50|100|65|0|40.716553|-73.9962512|2014-08-17 21:50:43 -0400|
|157 Hester St|Manhattan|NY|10013|Manhattan|Elizabeth St  & HeSter St，香港超市门前||Newspaper box||1||||90|90|90|90|140|100|0|40.71745|-73.9959961|2014-08-17 21:50:43 -0400|
|158 Hester St|Manhattan|NY|10013|Manhattan|Coin Box,在HeSter St，香港超市门前||Coin Box||||1||10|10|10|10|10|10|0|40.7176062|-73.9968787|2014-08-17 21:50:43 -0400|
|78 Mott St|Manhattan|NY|10013|Manhattan|Canal St  &  Mott St,在Mott St，Chase银行一侧||Newspaper box||1||||90|90|90|90|140|100|0|40.7165148|-73.997809|2014-08-17 21:50:43 -0400|
|78 Mott St|Manhattan|NY|10013|Manhattan|coin Box 在Mott St，Chase银行一侧||Coin Box||||1||10|10|10|10|10|10|0|40.7165148|-73.997809|2014-08-17 21:50:44 -0400|
|50 Mott St|Manhattan|NY|10013|Manhattan|Bayard St & Mott St，上海老正兴酒家旁||Newspaper box|||1|||70|70|70|70|70|65|0|40.7154157|-73.9984128|2014-08-17 21:50:44 -0400|
|2 Mott St|Manhattan|NY|10013|Manhattan|Mott St  & Worth St左侧,在Worth St||Newspaper box||1||||100|100|100|100|100|100|0|40.7137987|-73.9984808|2014-08-17 21:50:44 -0400|
|63 Mulberry St|Manhattan|NY|10013|Manhattan|Bayard St & Mulberry St,在Mulberry St,哥伦比亚公园一侧||Newspaper box|||1|||50|50|50|50|50|65|0|40.7155899|-73.9995012|2014-08-17 21:50:44 -0400|
|54 Bayard St|Manhattan|NY|10013|Manhattan|Elizabeth St  & Bayard St,在Bayard St,华埠珠宝中心店边||Newspaper box|||1|||50|50|50|50|50|50|0|40.71535009999999|-73.99767039999999|2014-08-17 21:50:45 -0400|
|16 Catherine St|Manhattan|NY|10038|Manhattan|Catherine St & E Broadway,在Catherine St,汇丰银行边||Newspaper box||1||||100|100|100|100|100|150|0|40.7133287|-73.9972794|2014-08-17 21:50:45 -0400|
|56 Market St|Manhattan|NY|10002|Manhattan|Monroe St  &  Market S，福建饭店边||Newspaper box||1||||30|30|30|30|50|50|0|40.7117387|-73.9940398|2014-08-17 21:50:45 -0400|
|62 Henry St|Manhattan|NY|10002|Manhattan|Henry St & Market St,在Henry St,红苹果幼稚园一侧||Newspaper box||1||||30|30|30|30|50|50|0|40.7129965|-73.99461219999999|2014-08-17 21:50:46 -0400|
|79 Division St|Manhattan|NY|10002|Manhattan|Forsyth St,between  Division St and E Broadway,美亚酒店边||Newspaper box|||1|||50|50|50|50|50|100|0|40.7140767|-73.9938251|2014-08-17 21:50:46 -0400|
|70 Division St|Manhattan|NY|10002|Manhattan|Forsyth St & Division St,在Division St 桥下||Newspaper box|||1|||100|100|100|100|120|150|0|40.7142397|-73.9946633|2014-08-17 21:50:46 -0400|
|5 Bowery|Manhattan|NY|10002|Manhattan|Division St & Bowery,在Bowery，孔子像一侧||Newspaper box||1||||90|90|90|90|90|140|0|40.7141831|-73.9972932|2014-08-17 21:50:46 -0400|
|5 Bowery|Manhattan|NY|10002|Manhattan|Coin Box，在Bowery上，孔子像一侧周五、六有发报||Coin box||||1||10|10|10|10|110|85|0|40.7141831|-73.9972932|2014-08-17 21:50:47 -0400|
|4 Chatham Square|Manhattan|NY|10038|Manhattan|Catherine St  & bowery,在bowery上.||Newspaper box|||1|||50|50|50|50|50|70|0|40.7139477|-73.9977096|2014-08-17 21:50:47 -0400|
|15 Bowery|Manhattan|NY|10002|Manhattan|万有书局||Building||||||25|25|25|25|25|25|0|40.7146086|-73.9970032|2014-08-17 21:50:47 -0400|
|106 Henry St|Manhattan|NY|10002|Manhattan|Pike St & Henry St在Henry St,Meyer London School PS.2小学一侧||Newspaper box|||1|||50|50|50|50|50|65|0|40.7131527|-73.9922402|2014-08-17 21:50:47 -0400|
|165 East Broadway|Manhattan|NY|10002|Manhattan|Rutgers St  & E Broadway，永顺海鲜酒楼边||Newspaper box||1||||150|150|150|150|100|100|0|40.713823|-73.989943|2014-08-17 21:50:48 -0400|
|36 Rutgers St|Manhattan|NY|10002|Manhattan|Madison St & Rutgers St,在Rutgers St南侧||Newspaper box||1||||100|100|100|100|100|100|0|40.7125314|-73.9900019|2014-08-17 21:50:48 -0400|
|36 Rutgers St|Manhattan|NY|10002|Manhattan|Coin Box 在Rutgers St南侧.||Coin box||||1||10|10|10|10|10|10|0|40.7125314|-73.9900019|2014-08-17 21:50:49 -0400|
|166  Henry St|Manhattan|NY|10002|Manhattan|在Henry St.美美洗笼门前||Newspaper box|||1|||50|50|50|50|50|50|0|40.713235|-73.989102|2014-08-17 21:50:49 -0400|
|166  Henry St|Manhattan|NY|10002|Manhattan|美美洗笼Basement (土库)週六新唐人廣告發行300||Building||||||50|50|50|50|50|300|0|40.713235|-73.989102|2014-08-17 21:50:49 -0400|
|35 Page Ave|Yonkers|NY|10704|Up State|送上州娜尔千家,周五250,周六150||Hand delivery||||||0|0|0|0|0|0|0|40.924924|-73.864408|2014-08-17 21:50:49 -0400|
|22 Barker Ave|White Plains|NY|10601|Up State|金山 Supermarket||Supermarket|娜尔千每周六送报|||||0|0|0|0|110|60|0|41.0342823|-73.769892|2014-08-17 21:50:50 -0400|
|371 Central Ave|Hartsdale|NY|10530|Up State|H Mart Super'marker||Supermarket|娜尔千每周六送报||||1|0|0|0|0|100|50|0|41.0299186|-73.7904933|2014-08-17 21:50:50 -0400|
|285 N Central Ave|Hartsdale|NY|10530|Up State|Central Seafood||Central Seafood|娜尔千每周六送报|||||0|0|0|0|15|15|0|41.0268915|-73.79306319999999|2014-08-17 21:50:50 -0400|
|365 Central Park Ave|Scarsdale|NY|10583|Up State|金乡 Supermarket||Supermarket|娜尔千每周六送报|||||0|0|0|0|20|20|0|41.0092053|-73.8094168|2014-08-17 21:50:50 -0400|
|694 Central Park Ave|Scarsdale|NY|10583|Up State|Pagoda Restaurant 桃源||Restaurant|娜尔千每周六送报|||||0|0|0|0|5|5|0|41.0008707|-73.81476289999999|2014-08-17 21:50:51 -0400|
|1170 Spring St|Elizabeth|NJ|7021|New Jersey|Hilton Newark Airport||Hotels|宋利杰送报周五报|||||0|0|0|0|20|0|0|40.6870691|-74.1934823|2014-08-17 21:50:51 -0400|
|128 Frontage Rd|Newark|NJ|7114|New Jersey|DoubleTree by Hilton Hotel||Hotel|宋利杰送报周五报,2011年左右开始|||||0|0|0|0|20|0|0|40.7124681|-74.16438219999999|2014-08-17 21:50:51 -0400|
|160 Frontage Rd|Newark|NJ|7114|New Jersey|Ramada Plaza Newark Liberty International Airport||Hotel|宋利杰送报周五报,2011年左右开始|||||0|0|0|0|5|0|0|40.7128973|-74.1664083|2014-08-17 21:50:52 -0400|
|1000 International Way|Newark|NJ|7114|New Jersey|Holiday Inn Express||Hotel|宋利杰送报周五报,2011年左右开始|||||0|0|0|0|5|0|0|40.705355|-74.1869222|2014-08-17 21:50:52 -0400|
|101 International Way|Newark|NJ|7114|New Jersey|Wyndham Garden Hotel||Hotel|宋利杰送报周五报,2011年左右开始|||||0|0|0|0|5|0|0|40.7050394|-74.1873732|2014-08-17 21:50:54 -0400|
|45 Glimcher Realty  Way|Elizabeth|NJ|7201|New Jersey|Extended Stay America||Hotel|宋利杰送报周五报,2011年左右开始|||||0|0|0|0|5|0|0|40.6639314|-74.17654569999999|2014-08-17 21:50:54 -0400|
|87 Glimcher Realty  Way|Elizabeth|NJ|7201|New Jersey|Courtyard Newark Elizabeth||Hotel|宋利杰送报周五报,2011年左右开始|||||0|0|0|0|10|0|0|40.6628256|-74.17854899999999|2014-08-17 21:50:54 -0400|
|100 Glimcher Realty  Way|Elizabeth|NJ|7201|New Jersey|Country Inn & Suites||Hotel|宋利杰送报周五报,2011年左右开始|||||0|0|0|0|5|0|0|40.6627353|-74.1764361|2014-08-17 21:50:55 -0400|
|83 Glimcher Realty  Way|Elizabeth|NJ|7201|New Jersey|Residence Inn||Hotel|宋利杰送报周五报,2011年左右开始|||||0|0|0|0|2|0|0|40.6633276|-74.1786133|2014-08-17 21:50:55 -0400|
|30 Minue Street|Carteret|NJ|7008|New Jersey|Hotel Executive Suites||Hotel|宋利杰送报周五报,2011年左右开始|||||0|0|0|0|23|0|0|40.5906163|-74.2390841|2014-08-17 21:50:55 -0400|
|1850 State Rte 23 North|Wayne|NJ|7470|New Jersey|La Quinta Inn & Suites Wayne The:973-696-8050||Hotel|印刷厂Frank送周二报,2014年8月19日开始|||||0|16|0|0|0|0|0|40.9476074|-74.2733791|2014-08-17 21:50:56 -0400|
|303 Union Ave|Haskell|NJ|7420|New Jersey|Holiday Inn Express  The:973-839-4405||Hotel|印刷厂Frank送周二报,2014年8月19日开始|||||0|17|0|0|0|0|0|41.0178661|-74.3015027|2014-08-17 21:50:56 -0400|
|38 Lackawanna Ave|Totowa|NJ|7512|New Jersey|Holiday Inn  The:973-785-9000||Hotel|印刷厂Frank送周二报,2014年8月19日开始|||||0|17|0|0|0|0|0|40.89426640000001|-74.2203155|2014-08-17 21:50:56 -0400|
|556 N. Country Road, Rt. 25a|St. James|NY|11780|Long Island|Ancient Ginger  The:(631) 584-8883||Restaurant|长岛学员周六送报|||||0|0|0|0|1|0|0|40.877222|-73.155278|2014-08-17 21:50:56 -0400|
|31 W Main St,|East Islip|NY|11730|Long Island|Yong Wang Kitchen The:(631) 581-6417||Restaurant|长岛学员周六送报|||||0|0|0|0|1|0|0|40.7309927|-73.1921263|2014-08-17 21:50:57 -0400|
|318 Main St|East Islip|NY|11730|Long Island|Tasty House II The:(631) 277-0002||Restaurant|长岛学员周六送报|||||0|0|0|0|1|0|0|40.7352544|-73.1719902|2014-08-17 21:50:57 -0400|
|97 E Main St,|East Islip|NY|11730|Long Island|Yan Min Kitchen The:（631)277-5666||Restaurant|长岛学员周六送报|||||0|0|0|0|1|0|0|40.7320478|-73.18637509999999|2014-08-17 21:50:57 -0400|
|89 Carleton Ave|Islip Terrace|NY|11752|Long Island|Happy Dragon Chinese Restaurant The:(631）277-1122||Restaurant|长岛学员周六送报|||||0|0|0|0|1|0|0|40.74907|-73.193732|2014-08-17 21:50:57 -0400|
|207 Carleton Ave|East Islip|NY|11730|Long Island|Sun Rise Kitchen The:(631)581-7316||Restaurant|长岛学员周六送报|||||0|0|0|0|1|0|0|40.7410362|-73.1926087|2014-08-17 21:50:58 -0400|
|55 W Main St|Bay Shore|NY|11706|Long Island|New Peninsula The:(631) 666-8811||Restaurant|长岛学员周六送报|||||0|0|0|0|1|0|0|40.72120899999999|-73.249234|2014-08-17 21:50:58 -0400|
|5507 Nesconset Highway|Mount Sinai|NY|11766|Long Island|Win Hing Chinese Restaurant The:(631)331-0333||Restaurant|长岛学员周六送报|||||0|0|0|0|1|0|0|40.9311602|-73.0315518|2014-08-17 21:50:58 -0400|
|331 Rte 25A|Mount Sinai|NY|11766|Long Island|Lotus East II Restaurant The:（631）331-6688||Restaurant|长岛学员周六送报|||||0|0|0|0|1|0|0|40.934523|-73.02473599999999|2014-08-17 21:50:58 -0400|
|99 Route 25A # 16|Shoreham|NY|11786|Long Island|Joy Wo Chinese Kitchen The:（631)744-2227||Restaurant|长岛学员周六送报|||||0|0|0|0|1|0|0|40.9470241|-72.8948273|2014-08-17 21:50:59 -0400|
|346 Rt25a, Ste 52,|Rocky Point|NY|11778|Long Island|Sun Wo Kitchen The:(631)744-4272||Restaurant|长岛学员周六送报|||||0|0|0|0|1|0|0|40.9439495|-72.9441389|2014-08-17 21:50:59 -0400|
|415 Route 25A|Rocky Point|NY|11778|Long Island|Kirin Chinese-Japanese Rstrnt The:(631)821-2121||Restaurant|长岛学员周六送报|||||0|0|0|0|1|0|0|40.94625|-72.938611|2014-08-17 21:50:59 -0400|
|382 Route 25A|Rocky Point|NY|11778|Long Island|Golden Chopsticks The:(631)821-6000||Restaurant|长岛学员周六送报|||||0|0|0|0|1|0|0|40.945035|-72.940511|2014-08-17 21:50:59 -0400|
|2460 Nesconset Hwy|Stony Brook|NY|11790|Long Island|Oriental Groceries & Crafts The: (631)689-8787||"Oriental||||||0|0|0|0|44|0|0|40.8780771|-73.1173575|2014-08-17 21:51:00 -0400|
|230 Main St|East Setauket|NY|11733|Long Island|Setauket Seafood The:(631)751-2809||Setauket Seafood|长岛学员周六送报|||||0|0|0|0|43|0|0|40.9425861|-73.1035445|2014-08-17 21:51:00 -0400|
|200 Valentine Ln Apt 5c|Yonkers|NY|10750|Up State||||订报户|||||0|0|0|0|0|0|0|40.91616630000001|-73.9003499|2014-08-19 15:29:47 -0400|
|139-15 Franklin Ave |Flushing|NY|11355|Queens|訂報戶，阿佳每天負責送到德譽堂中醫養生館|2014-11-05 00:00:00 -0500|||||||0|0|0|0|0|0|0|40.755501|-73.825221|2014-08-22 12:49:58 -0400|
|8008 45 Ave ., # 124|Elmhurst|NY|11373|Queens|老人中心 45th Ave & 80 St|2015-02-11 00:00:00 -0500||訂報戶：Elmhurts學員每天送報|||||0|0|0|0|0|0|0|40.7409054|-73.88422109999999|2014-08-22 13:41:35 -0400|
|78 Stanwick Ct|Somerset|NJ|8873|New Jersey||2014-11-15 00:00:00 -0500||訂報戶
辦公室每週郵寄一次|||||0|0|0|0|0|0|0|40.511185|-74.494958|2014-08-22 13:52:33 -0400|
|2335 New Hyde Park Rd|New Hyde Park|NY|11040|Long Island|Pathmark Supermarket出口报架  (516) 354-4966|||2014/08/23开始送报|||||0|0|0|0|0|10|0|40.7575756|-73.6887605|2014-08-24 12:55:31 -0400|
|271 Jericho Turnpike|Syosset|NY|11791|Long Island|King Kullen Supermarket (516) 921-6241|||2014/08/23开始送报|||||0|0|0|0|0|10|0|40.8087707|-73.51650959999999|2014-08-24 13:00:39 -0400|
|196-35 Horace Harding Expy|Flushing|NY|11365|Queens|Waldbaum's Supermarket出口报架(718) 423-9589 营业时间：7:00am|||2014/08/23开始放报|||||0|0|0|0|0|10|0|40.7431302|-73.7792279|2014-08-24 13:39:20 -0400|
|3805 Bell Blvd|Bayside|NY|11361||Asian Fusion Sushi
718-631-1188
||||||||0|0|0|0|0|5|0|40.766306|-73.772104|2014-08-24 15:40:25 -0400|
